janindulaknath@gmail.com,janindu@bubltown.co.uk,13:38:22,02,dummy,test,2024-02-13
janidul03@gmail.com,janindu@bubltown.co.uk,13:39:59,02,dummy,test,2024-02-13
janindu@bubltown.co.uk,janindu@bubltown.co.uk,13:41:37,02,dummy,test,2024-02-13
janindulaknath@gmail.com,janindu@bubltown.co.uk,19:54:10,02,dummy,test,2024-02-14
janindulaknath@gmail.com,janindu@bubltown.co.uk,19:57:50,02,dummy,test,2024-02-14
janidul03@gmail.com,janindu@bubltown.co.uk,19:59:46,02,dummy,test,2024-02-14
janindu@bubltown.co.uk,janindu@bubltown.co.uk,20:01:23,02,dummy,test,2024-02-14
janindulaknath@gmail.com,janindu@bubltown.co.uk,20:09:51,02,dummy,test,2024-02-14
janindulaknath@gmail.com,janindu@bubltown.co.uk,20:12:23,02,dummy,test,2024-02-14
janindulaknath@gmail.com,janindu@bubltown.co.uk,20:30:02,02,dummy,test,2024-02-14
